stream,detector,det,n_true,fa,delay,loc
sea,class-adwin,14,15,1,662.7666666666667,118.03333333333333
sea,class-ddm,13,15,22,1207.0,22.0
sea,class-ph,15,15,1,454.2,82.73333333333332
sea,pooled-adwin,12,15,1,1302.0833333333333,97.16666666666667
sea,pooled-ddm,15,15,8,1516.7333333333331,84.4
sea,pooled-ph,15,15,0,780.6,271.33333333333337
sea1,class-adwin,4,15,0,7985.25,789.0
sea1,class-ddm,4,15,13,880.25,1326.5
sea1,class-ph,0,15,0,,
sea1,pooled-adwin,1,15,1,8269.0,64.0
sea1,pooled-ddm,1,15,9,261.0,261.0
sea1,pooled-ph,0,15,0,,
sea10,class-adwin,14,15,0,2962.6,216.13333333333335
sea10,class-ddm,12,15,37,2333.833333333333,119.53333333333333
sea10,class-ph,13,15,1,1361.9,57.033333333333324
sea10,pooled-adwin,6,15,0,1618.3,256.0
sea10,pooled-ddm,6,15,6,3971.375,280.5
sea10,pooled-ph,5,15,0,937.2,213.0
sea2,class-adwin,3,15,1,1693.3333333333333,68.0
sea2,class-ddm,5,15,18,1657.0,849.5
sea2,class-ph,3,15,1,7601.5,637.5
sea2,pooled-adwin,4,15,2,2207.5,116.0
sea2,pooled-ddm,1,15,10,314.0,314.0
sea2,pooled-ph,1,15,0,7022.0,142.0
sea20,class-adwin,14,15,1,1797.1,199.13333333333333
sea20,class-ddm,13,15,17,3239.666666666667,44.86666666666666
sea20,class-ph,15,15,1,945.6666666666666,365.6
sea20,pooled-adwin,8,15,2,2010.7,247.7
sea20,pooled-ddm,4,15,5,4121.833333333333,220.66666666666666
sea20,pooled-ph,7,15,2,970.6,337.0
sea5,class-adwin,9,15,3,2589.9,158.0
sea5,class-ddm,10,15,27,3306.1,342.76666666666665
sea5,class-ph,10,15,2,2832.2,333.0
sea5,pooled-adwin,6,15,0,2134.1,600.2
sea5,pooled-ddm,5,15,16,3275.6,490.4
sea5,pooled-ph,5,15,0,1920.8,625.6
seanull,class-adwin,0,0,0,,
seanull,class-ddm,0,0,9,,
seanull,class-ph,0,0,2,,
seanull,pooled-adwin,0,0,0,,
seanull,pooled-ddm,0,0,4,,
seanull,pooled-ph,0,0,0,,
seanull5,class-adwin,0,0,0,,
seanull5,class-ddm,0,0,11,,
seanull5,class-ph,0,0,0,,
seanull5,pooled-adwin,0,0,0,,
seanull5,pooled-ddm,0,0,4,,
seanull5,pooled-ph,0,0,0,,
