,,seed,seed,seed,acc,acc,acc,ba,ba,ba,gmean,gmean,gmean,kappa,kappa,kappa,mcc,mcc,mcc,macro_f1,macro_f1,macro_f1,min_recall,min_recall,min_recall,time_s,time_s,time_s,n_boundaries,n_boundaries,n_boundaries,n_refits,n_refits,n_refits,det,det,det,n_true,n_true,n_true,fa,fa,fa,delay,delay,delay
,,mean,std,count,mean,std,count,mean,std,count,mean,std,count,mean,std,count,mean,std,count,mean,std,count,mean,std,count,mean,std,count,mean,std,count,mean,std,count,mean,std,count,mean,std,count,mean,std,count,mean,std,count
dataset,method,,,,,,,,,,,,,,,,,,,,,,,,,,,,,,,,,,,,,,,,,,,,,
covtype,ARF,2.0,1.5811388300841898,5,0.877174610180479,0.0009263527799876967,5,0.7390552361403196,0.0025727369340012513,5,0.7209798326743807,0.0030599515400231846,5,0.7995185986851838,0.0015900526003447496,5,0.8001766599624005,0.0015619256541096924,5,0.7806507479652063,0.002568668096524111,5,0.7473607571896614,0.005141771711621984,5,2262.5011867046355,2519.6822955761068,5,,,0,,,0,,,0,,,0,,,0,,,0
covtype,ARF-US,2.0,1.5811388300841898,5,0.4423370550954118,0.05062891005678937,5,0.3205528963484797,0.015877302560600142,5,0.22290221506780653,0.04319624954437604,5,0.1637774780995507,0.044190718780224805,5,0.1696940437860923,0.04541793013649359,5,0.2665469090427453,0.022619767451962494,5,0.1632326174008009,0.14159957594582037,5,83.41716756820679,17.337679578011645,5,,,0,,,0,,,0,,,0,,,0,,,0
covtype,HAT,2.0,1.5811388300841898,5,0.7851503072350228,0.007930861456684438,5,0.6297439626329266,0.013054446001707387,5,0.6060707574118144,0.020127883046152158,5,0.652214744335333,0.012467848850423194,5,0.6523853049266579,0.012517727491731436,5,0.6398706433915302,0.016695822368338012,5,0.4070622497269749,0.12412111450595086,5,276.88092284202577,14.151544599824016,5,,,0,,,0,,,0,,,0,,,0,,,0
covtype,OOB,2.0,1.5811388300841898,5,0.8360213236967511,0.0010843798695576218,5,0.6730270424038628,0.0036497495958787043,5,0.6440608113932914,0.004558002569193658,5,0.7339686994722091,0.0017019080867831007,5,0.7349473161746205,0.0018173096112427322,5,0.698583263566195,0.004106516215109355,5,0.420385875500546,0.014639397623782793,5,764.9681820392609,42.81553131175909,5,,,0,,,0,,,0,,,0,,,0,,,0
covtype,PHASE,2.0,1.5811388300841898,5,0.8582146576277733,0.0014461387028675448,5,0.8063694988181723,0.0029805979698839524,5,0.8036290444890735,0.0030926891732919255,5,0.7760275686735507,0.0021757201664814097,5,0.7764932271848517,0.002154501093790652,5,0.7398143542736637,0.002221489886997763,5,0.783327266108482,0.0205886606634474,5,1401.3431364536286,1925.8870476798475,5,228.6,3.3615472627943213,5,608.6,5.639148871948677,5,,,0,,,0,,,0,,,0
covtype,ROSE,2.0,1.5811388300841898,5,0.9306341937753011,0.0005553068147061319,5,0.8676738821077707,0.003092948841720687,5,0.8644864118341975,0.003491134369349344,5,0.8886622309513047,0.0008801674395531945,5,0.8887054888158726,0.0008807872563573681,5,0.8707478531899623,0.0014537305178097832,5,0.7695668001456134,0.019775430441268373,5,206.35622606277465,10.117227775187914,5,,,0,,,0,,,0,,,0,,,0,,,0
covtype,SRP,2.0,1.5811388300841898,5,0.934444459769798,0.0018735586114158945,5,0.8413609523959001,0.0033754058898027278,5,0.8347128512832512,0.003604242261130209,5,0.893993769029372,0.0030791439044488985,5,0.8941868010448522,0.0030565604237367027,5,0.8654770870274604,0.003163051202130351,5,0.7866763742264288,0.007411457252094085,5,3592.9957892417906,30.027320884173825,5,,,0,,,0,,,0,,,0,,,0,,,0
covtype,UOB,2.0,1.5811388300841898,5,0.40441404660593233,0.010870232519110762,5,0.31475455093274396,0.0038235905056376866,5,0.27577816799456933,0.006188441568181386,5,0.11489634465089618,0.010476860312230012,5,0.12193010352353809,0.010427107397937573,5,0.2591724767668184,0.011295770096332557,5,0.4359665089188205,0.03381457699625493,5,957.2419089794159,22.818276637239688,5,,,0,,,0,,,0,,,0,,,0,,,0
creditcard,ARF,2.0,1.5811388300841898,5,0.9986899547932222,7.08394289520656e-05,5,0.6277427483874881,0.020766750566643923,5,0.5041548195434509,0.040800978980497914,5,0.4006389730583373,0.05167971192232769,5,0.4901899860542064,0.04139346864102611,5,0.700208924646341,0.025864871002524832,5,0.25551020408163266,0.04153449813841695,5,126.99905233383178,28.8267062700647,5,,,0,,,0,,,0,,,0,,,0,,,0
creditcard,ARF-US,2.0,1.5811388300841898,5,0.9777102044699391,0.003937178311280077,5,0.9193643501513737,0.004145733553588987,5,0.9174756150831975,0.004544220817034889,5,0.11731121207488426,0.019963460062015232,5,0.23176757794200692,0.01985527054172834,5,0.5544280818513017,0.01093454059930006,5,0.8608163265306124,0.01074097744240069,5,17.304535245895387,1.7100986147293171,5,,,0,,,0,,,0,,,0,,,0,,,0
creditcard,HAT,2.0,1.5811388300841898,5,0.9982734745795557,0.0,5,0.5,0.0,5,0.0,0.0,5,0.0,0.0,5,0.0,0.0,5,0.4995679957116962,0.0,5,0.0,0.0,5,16.014801597595216,2.0341083676864646,5,,,0,,,0,,,0,,,0,,,0,,,0
creditcard,OOB,2.0,1.5811388300841898,5,0.9990937503303302,6.489404099668956e-05,5,0.8200611322155691,0.012297927560982743,5,0.8000213369153508,0.015418324084808381,5,0.7089183819486133,0.017184600319886636,5,0.713549871873608,0.017624382095168305,5,0.8544563203839568,0.008592364823091343,5,0.6404081632653061,0.024633929595112528,5,105.43805875778199,10.680785719441056,5,,,0,,,0,,,0,,,0,,,0,,,0
creditcard,PHASE,2.0,1.5811388300841898,5,0.9934575257128964,0.0006879507214955748,5,0.9121757066956009,0.0031632411435524002,5,0.9085160872993768,0.0034639858572010586,5,0.30401660659562146,0.02058102996802668,5,0.39279608624683937,0.016280159960902606,5,0.6513455420275495,0.010418878905276506,5,0.8306122448979592,0.00645362787789464,5,468.7904058456421,16.338367804543665,5,1.0,0.0,5,283.4,0.8944271909999183,5,,,0,,,0,,,0,,,0
creditcard,ROSE,2.0,1.5811388300841898,5,0.9993411015232182,4.220878466950869e-05,5,0.8827297237471001,0.005700445877368088,5,0.8749201538247655,0.006508660954260361,5,0.8002270451746,0.0115133245409376,5,0.8011174780548572,0.011663578970041916,5,0.9001131618450365,0.005756620300308501,5,0.7657142857142857,0.011399379627566505,5,17.767222690582276,1.6866778607703268,5,,,0,,,0,,,0,,,0,,,0,,,0
creditcard,SRP,2.0,1.5811388300841898,5,0.9989281448308182,0.00010989207021327063,5,0.6993708129489049,0.03380572411658083,5,0.6297478770069544,0.05219228739977502,5,0.5592534743446537,0.06478228876169204,5,0.6145156876764265,0.05070068524501658,5,0.7795787759343262,0.032409304407158175,5,0.39877551020408164,0.06761850011412777,5,769.5432722568512,48.618879456489026,5,,,0,,,0,,,0,,,0,,,0,,,0
creditcard,UOB,2.0,1.5811388300841898,5,0.9693989225071968,0.0024598663199243893,5,0.9035889876869012,0.003082943976380101,5,0.9011643077530944,0.003331400345139942,5,0.08369802943478785,0.0059814269468479,5,0.19140381870538975,0.007049127650752716,5,0.5355679596452126,0.0036081585990151693,5,0.8375510204081632,0.006860300536314917,5,88.85815725326538,7.581489652664879,5,,,0,,,0,,,0,,,0,,,0,,,0
elec2,ARF,2.0,1.5811388300841898,5,0.8808765120057773,0.0014592654902299245,5,0.8757583735742029,0.0014568511748057234,5,0.875126135286644,0.001466504877377835,5,0.7548726867268745,0.002971986020944058,5,0.7551949945088005,0.002990385423397909,5,0.8774109436143748,0.0014850327476176619,5,0.8425332123992957,0.0025427176945366117,5,28.304466581344606,0.5581334714812256,5,,,0,,,0,,,0,,,0,,,0,,,0
elec2,ARF-US,2.0,1.5811388300841898,5,0.8351146416320635,0.002894358739633926,5,0.8365136722888022,0.002652561443412019,5,0.8364569767086572,0.002671466151658963,5,0.6658303198790312,0.0056343497142867845,5,0.6674580189841273,0.0054496840859706505,5,0.8327135673037045,0.0028468238017417885,5,0.845595689057248,0.004006648052634815,5,18.152235984802246,0.2520047901510618,5,,,0,,,0,,,0,,,0,,,0,,,0
elec2,HAT,2.0,1.5811388300841898,5,0.8252076187037372,0.002607889657533583,5,0.8155230634272469,0.0030975061693736083,5,0.8130697695053151,0.0034481597779111,5,0.6379787815980957,0.005634629815621608,5,0.6396631967567522,0.005485866725358801,5,0.818758954741905,0.00284994796424967,5,0.7526543242810649,0.009328507516171725,5,3.685507822036743,0.14786837402707217,5,,,0,,,0,,,0,,,0,,,0,,,0
elec2,OOB,2.0,1.5811388300841898,5,0.8018550279833905,0.0031139289449880017,5,0.7946851265788217,0.00372225063905691,5,0.7933086948425659,0.003975805808614336,5,0.5921519847939676,0.006837995239122916,5,0.5924484680088971,0.006709785029867328,5,0.7960259450926761,0.003442199084182996,5,0.7481406391719576,0.008157780255991154,5,11.614984226226806,0.20301405004154716,5,,,0,,,0,,,0,,,0,,,0,,,0
elec2,PHASE,2.0,1.5811388300841898,5,0.7677107781187941,0.0006102344748566608,5,0.7640402337479644,0.0010688601381220332,5,0.7636592949241562,0.0011919332062500403,5,0.5260010102931296,0.00160125762038324,5,0.5261870512788915,0.001671460171217749,5,0.7629594998996583,0.0007857945647112013,5,0.7402123459424852,0.005127661101672463,5,13.904789352416993,0.5507420696736063,5,25.6,0.5477225575051662,5,50.4,1.1401754250991383,5,,,0,,,0,,,0,,,0
elec2,PHASE-noseg,2.0,1.5811388300841898,5,0.7756048023108864,0.00044066854388401407,5,0.7659167259798789,0.00037249418902946544,5,0.7633300338264944,0.00034406277170433527,5,0.5363754227103292,0.0008332512220901597,5,0.5372021022074662,0.0008672787280413203,5,0.7680150793940825,0.00041032829043627817,5,0.7030251293816357,0.0005380484334622612,5,261.76674275398256,1.6521941122020591,5,0.0,0.0,5,45.0,0.0,5,,,0,,,0,,,0,,,0
elec2,PHASE-pooled,2.0,1.5811388300841898,5,0.7666907384004332,0.001018480787692246,5,0.7611494569481334,0.0015497128833195856,5,0.7602853500553446,0.0017551780100036334,5,0.5221614934179011,0.0025087451052835685,5,0.5221826135818615,0.0025086504612234946,5,0.7610760261427585,0.0012544553904121683,5,0.7251773995625033,0.00635026980740968,5,14.493289947509766,0.8447448681323458,5,25.0,0.7071067811865476,5,44.8,1.095445115010332,5,,,0,,,0,,,0,,,0
elec2,ROSE,2.0,1.5811388300841898,5,0.8885899981946199,0.0014179167035557902,5,0.8869759203434384,0.0013977011739711989,5,0.8869126770769139,0.001398790338613203,5,0.7722626099985627,0.0028631644743976024,5,0.7723440039544831,0.002851453222835039,5,0.8861254216445579,0.001432594533734712,5,0.8764978925465507,0.0022447711029305365,5,4.980932235717773,0.197748752483372,5,,,0,,,0,,,0,,,0,,,0,,,0
elec2,SRP,2.0,1.5811388300841898,5,0.8626286333273153,0.008877902960525274,5,0.8556347824950011,0.008678672429294803,5,0.8544289177152746,0.008622490916908681,5,0.7165191164233886,0.018069847263048226,5,0.7173518860068091,0.018265705368702072,5,0.8581810575567127,0.009021929026050205,5,0.8102331537107187,0.007408459730483754,5,83.20918183326721,4.257402953730062,5,,,0,,,0,,,0,,,0,,,0,,,0
elec2,UOB,2.0,1.5811388300841898,5,0.7873352590720346,0.0009107779928239584,5,0.7803344554251066,0.0012399064227608667,5,0.7789700853162438,0.0016522950782771105,5,0.562729714156681,0.0016934043103513376,5,0.5629613894633898,0.0016578824356563722,5,0.7813211469211552,0.0008573350439417933,5,0.7348876914047912,0.009709852107727592,5,7.58430666923523,0.14585086664871172,5,,,0,,,0,,,0,,,0,,,0,,,0
insects_abrupt,ARF,2.0,1.5811388300841898,5,0.7914518382612378,0.0008751598460600683,5,0.6422782912151908,0.0005999406166176903,5,0.557020785371515,0.0020983062822489567,5,0.7263979459256454,0.0011425270449981102,5,0.7287466746731737,0.0011319713025416433,5,0.6637841299796841,0.0005023035597360266,5,0.32001711596063326,0.0031840977562670823,5,419.84493498802186,5.132126209949294,5,,,0,,,0,,,0,,,0,,,0,,,0
insects_abrupt,ARF-US,2.0,1.5811388300841898,5,0.6128894220591349,0.008172028710188236,5,0.5939255839028255,0.008724805405614102,5,0.5807752309088698,0.008639573307467603,5,0.5205534650641206,0.009444208394116041,5,0.5287917826815037,0.009392799044865346,5,0.5388343358553217,0.007609716157070263,5,0.5421994009413778,0.03270960388806013,5,78.99162292480469,1.1122414149591795,5,,,0,,,0,,,0,,,0,,,0,,,0
insects_abrupt,HAT,2.0,1.5811388300841898,5,0.6447138522334346,0.007371329995185238,5,0.5680912938286811,0.01006907967443811,5,0.5476478075198145,0.013495128484185355,5,0.5477005676214866,0.009883544943500718,5,0.548738967000735,0.010050010478227565,5,0.5538473086412726,0.006414138259568319,5,0.33480530594779634,0.04484497641789833,5,135.60930714607238,8.248701107513718,5,,,0,,,0,,,0,,,0,,,0,,,0
insects_abrupt,OOB,2.0,1.5811388300841898,5,0.682420718368499,0.0025223443580311257,5,0.5462064669216318,0.004555098168819198,5,0.45437188517151916,0.01385336656539545,5,0.5901407751878429,0.00254985660159153,5,0.5903048011443028,0.0024980833762994824,5,0.5463130267386184,0.004164088396020835,5,0.12783910997004708,0.011945266816956766,5,631.4632922172547,10.372299937589734,5,,,0,,,0,,,0,,,0,,,0,,,0
insects_abrupt,PHASE,2.0,1.5811388300841898,5,0.7108167384094277,0.0002396076033874714,5,0.6993462678458271,0.0006410928635451853,5,0.6897480737163901,0.0006096527268330899,5,0.6403854536428604,0.0003244967291522375,5,0.6480546926323755,0.0003804976710912406,5,0.637921891890836,0.00035806483604059993,5,0.5994865211810013,0.0019840861137131916,5,3121.9342039585113,88.41047812825096,5,21.2,2.6832815729997477,5,372.2,2.8635642126552705,5,,,0,,,0,,,0,,,0
insects_abrupt,ROSE,2.0,1.5811388300841898,5,0.7534440759297156,0.0022815948249001734,5,0.6871311944482177,0.0012933968569203325,5,0.6677633979840074,0.0020833702928578102,5,0.6866003126227216,0.0027084573357922495,5,0.6887216962221135,0.0024704522986596623,5,0.6676661473964538,0.001970482016561488,5,0.41999144201968336,0.010164308574526711,5,83.83377380371094,2.2454095549919,5,,,0,,,0,,,0,,,0,,,0,,,0
insects_abrupt,SRP,2.0,1.5811388300841898,5,0.7922963799308447,0.0015754894341028262,5,0.6540072693547654,0.0007495679819060822,5,0.5865508078750208,0.000814487589623577,5,0.7285139206013029,0.0019838169542471576,5,0.7299548174469213,0.002037699494517834,5,0.6741012159043176,0.0010991218519683758,5,0.3372700042789901,0.0071121399076983635,5,2759.570264196396,40.85286119180761,5,,,0,,,0,,,0,,,0,,,0,,,0
insects_abrupt,UOB,2.0,1.5811388300841898,5,0.449583515630513,0.0018145356453347248,5,0.49074799848303846,0.0004706015631220796,5,0.4530652165898861,0.001590492339610965,5,0.3430927221498806,0.0016172530055063074,5,0.36325157919484713,0.0017551952067770946,5,0.40478472225228995,0.0011310173022324537,5,0.7116987590928541,0.00293814297206366,5,450.9429955482483,6.3857368476386585,5,,,0,,,0,,,0,,,0,,,0,,,0
insects_gradual,ARF,2.0,1.5811388300841898,5,0.7858519002550536,0.0020273404344239316,5,0.6248425562519251,0.0022406676422794683,5,0.48836793167637654,0.007329951970788467,5,0.7224978697686085,0.002600481116238399,5,0.7243114008658679,0.0026491963012638333,5,0.6351536775249425,0.0029266525324938473,5,0.09420499071973602,0.0077882167910620125,5,141.87938823699952,22.359617973130444,5,,,0,,,0,,,0,,,0,,,0,,,0
insects_gradual,ARF-US,2.0,1.5811388300841898,5,0.6016202581452049,0.016995792414302477,5,0.5712989187541717,0.014238997275789218,5,0.5530761286981909,0.01641853849928498,5,0.5091032396012248,0.019511921232426965,5,0.5168602203343639,0.018270167529431478,5,0.5271638165705564,0.015119276735878248,5,0.44916477624252427,0.05252342365114295,5,30.957437133789064,0.9336236709545831,5,,,0,,,0,,,0,,,0,,,0,,,0
insects_gradual,HAT,2.0,1.5811388300841898,5,0.6142928409322457,0.006982535338873343,5,0.5420667205571963,0.008648287264005438,5,0.5150508410336174,0.013590373113880515,5,0.5188885966837806,0.007916364052700568,5,0.5219262611703577,0.0081316281400813,5,0.5268635592275046,0.005712196323758906,5,0.2672716023922458,0.03397416072435161,5,56.56787757873535,2.457986821589416,5,,,0,,,0,,,0,,,0,,,0,,,0
insects_gradual,OOB,2.0,1.5811388300841898,5,0.6271031386353576,0.007948927806902078,5,0.5568199458851882,0.008526052597222588,5,0.5230232057613737,0.009863302972115545,5,0.5318406207198152,0.009884991869701647,5,0.5358337684375672,0.010393375822075383,5,0.5334808478245023,0.006836821977516044,5,0.28327490204165806,0.021835649690997792,5,264.95399589538573,0.9315550820399267,5,,,0,,,0,,,0,,,0,,,0,,,0
insects_gradual,PHASE,2.0,1.5811388300841898,5,0.7117893804936658,0.0005431857553117197,5,0.6859716872638347,0.0002037080435605493,5,0.6751514265955437,0.00017775812494155534,5,0.6420138622904253,0.0006333623510989752,5,0.6474889453732057,0.0005805718529297603,5,0.6361433794629164,0.0003761754934576992,5,0.5812332439678285,0.0020909534923714787,5,1156.095604467392,119.50591432404755,5,9.0,1.0,5,149.8,1.6431676725154971,5,,,0,,,0,,,0,,,0
insects_gradual,ROSE,2.0,1.5811388300841898,5,0.7419911047406252,0.0026002074002876335,5,0.6712887553605574,0.002859868472806003,5,0.6474525157073469,0.0036199477178714807,5,0.6737523053608081,0.003222714543843249,5,0.6761267014464045,0.00312904937635514,5,0.6502062612084947,0.002299063387471293,5,0.390389771086822,0.013330855445631867,5,34.63210129737854,1.6946787934780447,5,,,0,,,0,,,0,,,0,,,0,,,0
insects_gradual,SRP,2.0,1.5811388300841898,5,0.7883518475580195,0.002989885225434966,5,0.6415140894221367,0.002606399908873395,5,0.5436460738285671,0.007929418035814883,5,0.7265605810563338,0.003846193445456821,5,0.7277968859312538,0.0038412841513362126,5,0.6544260109126864,0.0030666983367324016,5,0.1544235924932976,0.014486991107742792,5,890.5624655723572,13.565761418811961,5,,,0,,,0,,,0,,,0,,,0,,,0
insects_gradual,UOB,2.0,1.5811388300841898,5,0.5248863500628851,0.007630246844973258,5,0.5107464647421283,0.007195656741406008,5,0.4809284439255569,0.007560897824881833,5,0.4173683486066163,0.008077467427519849,5,0.4307323132472055,0.008086028514447948,5,0.45443906362886954,0.006001089993098323,5,0.5246442565477418,0.021470513136855513,5,177.41658787727357,1.8927421628603673,5,,,0,,,0,,,0,,,0,,,0,,,0
sea,ARF,2.0,1.5811388300841898,5,0.8793836734693878,0.0014509472124826484,5,0.8677254851547497,0.0009970456196297327,5,0.8657504489974215,0.000948715774643623,5,0.7453978197071572,0.002416235017906203,5,0.7471227217331396,0.0024948993153836967,5,0.8725597531304743,0.0012040034376396965,5,0.8092263800340753,0.0011791749412766767,5,27.603737020492552,1.1259180426490767,5,,,0,,,0,,,0,,,0,,,0,,,0
sea,ARF-US,2.0,1.5811388300841898,5,0.8682448979591836,0.004324773420599607,5,0.860106697883116,0.003675853588857994,5,0.8591294438003423,0.003589430956886159,5,0.7241237906341838,0.008217850967917098,5,0.7244165876488969,0.008305786987112445,5,0.8620355503681203,0.004101591750388444,5,0.8192784828913287,0.0038135326400996258,5,21.096776676177978,0.5677332511358912,5,,,0,,,0,,,0,,,0,,,0,,,0
sea,HAT,2.0,1.5811388300841898,5,0.8567632653061225,0.005519485757937043,5,0.8432363988659259,0.005731606183194482,5,0.8404955426584525,0.005885630332794077,5,0.6970734952409484,0.011542794390901586,5,0.6991835881956723,0.011553080506961437,5,0.8483205978503371,0.005782550552928254,5,0.775398775092708,0.008096931471652743,5,2.6083953857421873,0.19126219363801372,5,,,0,,,0,,,0,,,0,,,0,,,0
sea,OOB,2.0,1.5811388300841898,5,0.8471918367346939,0.003151776371198357,5,0.8359729890686184,0.003809405092616569,5,0.8340640028215525,0.0040903564267278725,5,0.6785892377510173,0.0068463485132646135,5,0.6794454262020715,0.006618185356583098,5,0.8391976939287773,0.0034530257156939618,5,0.779657824604185,0.007913122521395173,5,8.008375930786134,0.11143961605464175,5,,,0,,,0,,,0,,,0,,,0,,,0
sea,PHASE,2.0,1.5811388300841898,5,0.8803469387755103,0.0025932424277429807,5,0.8720537503368039,0.0022258050304281383,5,0.8710549213613323,0.0022122157914138013,5,0.7491258153920757,0.004815108110149719,5,0.7495705094728607,0.00486865291046486,5,0.8745275066062561,0.0024044315102989136,5,0.830422201699357,0.0035448331949538845,5,136.22001729011535,5.5758118185323795,5,3.2,0.447213595499958,5,51.2,0.8366600265340751,5,3.0,0.0,5,3.0,0.0,5,0.2,0.447213595499958,5,454.2,102.49027054094238,5
sea,PHASE-noseg,2.0,1.5811388300841898,5,0.8559877551020408,0.0016130584359225796,5,0.8453788059364389,0.001462289848153694,5,0.8436998866548853,0.0014606466747516314,5,0.6972473592204282,0.0030556208411456477,5,0.6980262446445437,0.003076625483564758,5,0.8485433496118814,0.001526980846713803,5,0.7921326310657992,0.0016446764945973276,5,254.35521035194398,1.7225981175529845,5,0.0,0.0,5,49.0,0.0,5,0.0,0.0,5,3.0,0.0,5,0.0,0.0,5,,,0
sea,PHASE-pooled,2.0,1.5811388300841898,5,0.8790816326530612,0.002891844655988508,5,0.8703889447715897,0.00287295997768752,5,0.869288618961672,0.0029338034434517636,5,0.7462930557486449,0.005638252752998056,5,0.746830340072508,0.005609704697406681,5,0.873102962678959,0.0028230407487181562,5,0.8267135377513843,0.004730521171975873,5,144.54630932807922,6.1814673077320865,5,3.0,0.0,5,50.4,1.3416407864998747,5,3.0,0.0,5,3.0,0.0,5,0.0,0.0,5,780.6,179.77739321480638,5
sea,ROSE,2.0,1.5811388300841898,5,0.8808938775510204,0.0017416666583633606,5,0.8712639652127908,0.0014718730654033495,5,0.8699216891793127,0.001460622431270865,5,0.7495835656133659,0.0031401803291543186,5,0.7504400337116925,0.003153948857165771,5,0.8747238229815963,0.0015703609041792619,5,0.8229247320957598,0.0014302553764112956,5,2.1689379692077635,0.05291120998664168,5,,,0,,,0,,,0,,,0,,,0,,,0
sea,SRP,2.0,1.5811388300841898,5,0.8307387755102041,0.00879472741594075,5,0.8074527222284058,0.009096831790660991,5,0.7989301696250463,0.009582395459313291,5,0.63561316545318,0.018693708001285284,5,0.6449162772924728,0.018719413326345174,5,0.816584330370973,0.00944075641736346,5,0.6905159633643161,0.011915245386932994,5,68.51727418899536,2.1993334308316563,5,,,0,,,0,,,0,,,0,,,0,,,0
sea,UOB,2.0,1.5811388300841898,5,0.8449224489795919,0.0039058420132629503,5,0.8388445085184368,0.0035383797473341866,5,0.838286844311369,0.003510740524629947,5,0.6772448601762219,0.007305067915627471,5,0.6772569463898128,0.007297365832784398,5,0.8386210198461533,0.0036534517642546503,5,0.8083464815949094,0.003596131182998571,5,6.46724681854248,0.1436314907160317,5,,,0,,,0,,,0,,,0,,,0,,,0
sea10,ARF,2.0,1.5811388300841898,5,0.9148816326530612,0.0005950650866161585,5,0.7232885624681925,0.005816872354314696,5,0.6822419138979676,0.008537377686362266,5,0.48769744373499063,0.00803559815430591,5,0.4910229473693075,0.007353086141244235,5,0.7435601563369583,0.004083613652515972,5,0.4832364550589746,0.012523344841915798,5,30.440065956115724,3.3017684505673452,5,,,0,,,0,,,0,,,0,,,0,,,0
sea10,ARF-US,2.0,1.5811388300841898,5,0.8837306122448979,0.002680291964427991,5,0.8409997153592513,0.0012468963021246588,5,0.8392895609965427,0.0012608461607914023,5,0.515687027371977,0.0066753723789259945,5,0.5416019627927335,0.005180526028990652,5,0.7550928959163359,0.003588825328709505,5,0.7874598968261767,0.0031839778065395185,5,8.253342199325562,0.169450181884771,5,,,0,,,0,,,0,,,0,,,0,,,0
sea10,HAT,2.0,1.5811388300841898,5,0.9127061224489796,0.0014520375894524183,5,0.7082633591336941,0.015744339333580847,5,0.6599228136717868,0.02409248020714174,5,0.4636062770679096,0.022657236621025104,5,0.4686956896959916,0.020268484366345315,5,0.731321921719105,0.0115778445213608,5,0.45212966208735583,0.03403938383957094,5,2.6565683841705323,0.06970724153462282,5,,,0,,,0,,,0,,,0,,,0,,,0
sea10,OOB,2.0,1.5811388300841898,5,0.8998530612244897,0.0023965214969404575,5,0.8200227581792392,0.0026703207137427883,5,0.8138979662586019,0.002780747509435392,5,0.5370613502455269,0.00884332593051664,5,0.5483345679073222,0.007972691412256788,5,0.7675043845751501,0.0045429896009071295,5,0.7200003850542152,0.003715113065435772,5,7.9171614170074465,0.14798880199067319,5,,,0,,,0,,,0,,,0,,,0,,,0
sea10,PHASE,2.0,1.5811388300841898,5,0.9031020408163265,0.0022735646482808882,5,0.8584165506559748,0.0023593319234814867,5,0.8565832295355842,0.0024951215334395776,5,0.573168061889409,0.007374658242109523,5,0.5921591944364843,0.006217550193728459,5,0.7850410182825651,0.0038374334027100497,5,0.8024266003570922,0.005045066792977952,5,173.78247919082642,9.709155853575632,5,2.8,0.4472135954999579,5,51.2,0.8366600265340757,5,2.6,0.5477225575051661,5,3.0,0.0,5,0.2,0.4472135954999579,5,1361.9,514.1087433607797,5
sea10,PHASE-noseg,2.0,1.5811388300841898,5,0.8911551020408164,0.0013816341603103124,5,0.8441380066196615,0.001941932296648285,5,0.8420785800433499,0.0020239188909852764,5,0.5343853336745295,0.0052493922735727516,5,0.5566790703308906,0.004703175530612121,5,0.7650358340908299,0.0027248337359483147,5,0.7852287469345175,0.003255996558523098,5,271.0968651294708,2.9640060942573543,5,0.0,0.0,5,49.0,0.0,5,0.0,0.0,5,3.0,0.0,5,0.0,0.0,5,,,0
sea10,PHASE-pooled,2.0,1.5811388300841898,5,0.9043714285714286,0.0016737431334092692,5,0.8495665655333482,0.001688916579882867,5,0.8467851111140859,0.0017685681618687453,5,0.5702577480231585,0.005956536502520823,5,0.5861131989542628,0.005184239132654848,5,0.7838436847741601,0.0030747146223960957,5,0.7809000394996564,0.00307892097584939,5,189.4924068927765,5.613173759095788,5,1.0,0.0,5,49.6,0.5477225575051667,5,1.0,0.0,5,3.0,0.0,5,0.0,0.0,5,937.2,660.055830971896,5
sea10,ROSE,2.0,1.5811388300841898,5,0.9193632653061226,0.001509611025307578,5,0.8246932654938581,0.004423635690125962,5,0.8161016895670559,0.00517693463326877,5,0.5937615537975885,0.006583797653127273,5,0.5972347687779146,0.006559476790342452,5,0.7966463922538946,0.00330273542254996,5,0.7060753394780049,0.009401942497765419,5,2.27160906791687,0.06045873661684632,5,,,0,,,0,,,0,,,0,,,0,,,0
sea10,SRP,2.0,1.5811388300841898,5,0.9005795918367347,0.0006307740364408815,5,0.5224485433658026,0.0037672302380451082,5,0.2196418400358205,0.017664470910975616,5,0.07566854353472438,0.01201555793017382,5,0.1485301510455636,0.014712545166149543,5,0.5186255957570769,0.006893824291390305,5,0.048678822251444834,0.007932776150691252,5,63.720772647857665,2.0517268985249255,5,,,0,,,0,,,0,,,0,,,0,,,0
sea10,UOB,2.0,1.5811388300841898,5,0.8603918367346939,0.0037674873390160226,5,0.831773165054322,0.0023594470412673903,5,0.8309844026459675,0.002515281836555242,5,0.4631919587490925,0.006532084107182583,5,0.5004059273010075,0.004980371384210015,5,0.7264943461878195,0.0036891283803695053,5,0.7959209840696839,0.00723549127050782,5,4.2653422355651855,0.1313809436694092,5,,,0,,,0,,,0,,,0,,,0,,,0
sea5,ARF,2.0,1.5811388300841898,5,0.9470326530612244,0.0011860110626520162,5,0.5559855336036266,0.005098301200792147,5,0.34580519262022685,0.015189377475210802,5,0.16888633173907047,0.013413540005870484,5,0.20494422155141073,0.013084845693825663,5,0.5801390683807861,0.006956037883708819,5,0.12084139960429041,0.01062828713003943,5,26.85916724205017,1.1421451959151359,5,,,0,,,0,,,0,,,0,,,0,,,0
sea5,ARF-US,2.0,1.5811388300841898,5,0.882338775510204,0.008089161098673955,5,0.8332959811530316,0.003048488785718958,5,0.8314609890832129,0.003332747616257952,5,0.3533693602961097,0.02014700872166349,5,0.41460752724670485,0.014322947160040999,5,0.668353004045983,0.011664499443091461,5,0.7787077366748261,0.010919510395595314,5,5.55920033454895,0.24676766987057894,5,,,0,,,0,,,0,,,0,,,0,,,0
sea5,HAT,2.0,1.5811388300841898,5,0.9482530612244897,0.0014537575721959893,5,0.5059957275894378,0.005168270212064093,5,0.10764082593207269,0.0530536140561506,5,0.021487985031949396,0.018231194483924327,5,0.047066099334278376,0.03477603256454825,5,0.49974455166351417,0.009850144737879487,5,0.013871180326551446,0.011101439864188703,5,2.5742251873016357,0.2165344585540688,5,,,0,,,0,,,0,,,0,,,0,,,0
sea5,OOB,2.0,1.5811388300841898,5,0.9252448979591836,0.0009590751132660712,5,0.7888314927211664,0.005791767019743986,5,0.7740515820684649,0.007280642712880557,5,0.42636187651132235,0.002568360117119921,5,0.4457338013353905,0.0033666690624148984,5,0.7115837142255658,0.0013018390414712565,5,0.6370217719147628,0.012614297057179433,5,7.539145755767822,0.16320960839102264,5,,,0,,,0,,,0,,,0,,,0,,,0
sea5,PHASE,2.0,1.5811388300841898,5,0.906804081632653,0.004816901556818458,5,0.8472952562588466,0.004628856040796793,5,0.8446802962200813,0.004996104819295222,5,0.4178497546303329,0.012661668955448686,5,0.466203109554362,0.010287963440562112,5,0.7042503640671436,0.006880412219986619,5,0.7810820662510503,0.010433043959546345,5,198.48658618927,8.247189187841947,5,2.4,0.5477225575051661,5,51.4,0.5477225575051652,5,2.0,0.0,5,3.0,0.0,5,0.4,0.5477225575051661,5,2832.2,1274.4059694618509,5
sea5,PHASE-noseg,2.0,1.5811388300841898,5,0.8964571428571428,0.0027154976579249375,5,0.8389144018709468,0.0046091109469188745,5,0.8364524070681926,0.004964156283551344,5,0.3864815775516307,0.009634447362576824,5,0.44009189041729535,0.008322658453699774,5,0.6871938249364089,0.0052170622285814166,5,0.7748817455618797,0.009404927127920869,5,263.7785852432251,4.7024836259211105,5,0.0,0.0,5,49.0,0.0,5,0.0,0.0,5,3.0,0.0,5,0.0,0.0,5,,,0
sea5,PHASE-pooled,2.0,1.5811388300841898,5,0.9073673469387755,0.0049865500063935725,5,0.8420767998650911,0.004022247962955547,5,0.8389240624107132,0.004215352217727033,5,0.415675415571798,0.01336923354435119,5,0.4620890850080518,0.010945799709616883,5,0.7033317421703797,0.007243139955901517,5,0.7694286673996463,0.007517902911097004,5,212.95234847068787,13.173380680924248,5,1.0,0.0,5,50.0,0.0,5,1.0,0.0,5,3.0,0.0,5,0.0,0.0,5,1920.8,1286.0399293956623,5
sea5,ROSE,2.0,1.5811388300841898,5,0.935065306122449,0.001111767356761375,5,0.7762349049608641,0.00646456990376955,5,0.7558011119097932,0.00835851820546867,5,0.45005197832714916,0.00510989215771579,5,0.459964145215642,0.006162186409928337,5,0.7243330125974048,0.0024925230646247313,5,0.5994899813148864,0.013869195987918958,5,2.218781042098999,0.08389084213873123,5,,,0,,,0,,,0,,,0,,,0,,,0
sea5,SRP,2.0,1.5811388300841898,5,0.949334693877551,0.0012473712466912299,5,0.5012179248399256,0.0005901574446693813,5,0.049448020434114864,0.011993951249245667,5,0.004600492259055078,0.0022198343677173366,5,0.033502873775199976,0.011719918295165924,5,0.48954911095707027,0.000996490952439379,5,0.002560529317389303,0.0011987780505029462,5,60.96139197349548,0.313301323988738,5,,,0,,,0,,,0,,,0,,,0,,,0
sea5,UOB,2.0,1.5811388300841898,5,0.8301795918367347,0.005913745556381581,5,0.8335323487953372,0.0043910442072507445,5,0.8335201058852608,0.004399495714857601,5,0.27434666691504783,0.005928936784069194,5,0.36312484692960656,0.0055306237076047215,5,0.6179753325817638,0.003955203161642252,5,0.837266835986701,0.00410276412297399,5,3.6574265480041506,0.1489373081387099,5,,,0,,,0,,,0,,,0,,,0,,,0
