dataset,method,detected,n_true,fa,delay,loc,seeds
sea,PHASE,15.0,15.0,1.0,454.2,82.73333333333332,5
sea,PHASE-alwaysmeta,15.0,15.0,1.0,454.2,82.73333333333332,5
sea,PHASE-nocost,15.0,15.0,1.0,454.2,82.73333333333332,5
sea,PHASE-nometa,15.0,15.0,1.0,454.2,82.73333333333332,5
sea,PHASE-norefine,15.0,15.0,1.0,454.2,82.73333333333332,5
sea,PHASE-noseg,0.0,15.0,0.0,,,5
sea,PHASE-periodic,15.0,15.0,20.0,0.0,0.0,5
sea,PHASE-pooled,15.0,15.0,0.0,780.6,271.33333333333337,5
sea10,PHASE,13.0,15.0,1.0,1361.9,57.033333333333324,5
sea10,PHASE-alwaysmeta,13.0,15.0,1.0,1361.9,57.033333333333324,5
sea10,PHASE-nocost,13.0,15.0,1.0,1361.9,57.033333333333324,5
sea10,PHASE-nometa,13.0,15.0,1.0,1361.9,57.033333333333324,5
sea10,PHASE-norefine,13.0,15.0,1.0,1361.9,57.033333333333324,5
sea10,PHASE-noseg,0.0,15.0,0.0,,,5
sea10,PHASE-periodic,15.0,15.0,20.0,0.0,0.0,5
sea10,PHASE-pooled,5.0,15.0,0.0,937.2,213.0,5
sea5,PHASE,10.0,15.0,2.0,2832.2,333.0,5
sea5,PHASE-alwaysmeta,10.0,15.0,2.0,2832.2,333.0,5
sea5,PHASE-nocost,10.0,15.0,2.0,2832.2,333.0,5
sea5,PHASE-nometa,10.0,15.0,2.0,2832.2,333.0,5
sea5,PHASE-norefine,10.0,15.0,2.0,2832.2,333.0,5
sea5,PHASE-noseg,0.0,15.0,0.0,,,5
sea5,PHASE-periodic,15.0,15.0,20.0,0.0,0.0,5
sea5,PHASE-pooled,5.0,15.0,0.0,1920.8,625.6,5
