,,seed,seed,seed,acc,acc,acc,ba,ba,ba,gmean,gmean,gmean,kappa,kappa,kappa,mcc,mcc,mcc,macro_f1,macro_f1,macro_f1,min_recall,min_recall,min_recall,time_s,time_s,time_s,n_segments,n_segments,n_segments,svm_frac,svm_frac,svm_frac,cost_on_frac,cost_on_frac,cost_on_frac,last_seg_len,last_seg_len,last_seg_len,stacked,stacked,stacked,imp_DT,imp_DT,imp_DT,imp_LR,imp_LR,imp_LR,imp_KM,imp_KM,imp_KM,imp_SVM,imp_SVM,imp_SVM,gate_meta,gate_meta,gate_meta,gate_fused,gate_fused,gate_fused,det,det,det,n_true,n_true,n_true,fa,fa,fa,delay,delay,delay,loc,loc,loc
,,mean,std,count,mean,std,count,mean,std,count,mean,std,count,mean,std,count,mean,std,count,mean,std,count,mean,std,count,mean,std,count,mean,std,count,mean,std,count,mean,std,count,mean,std,count,mean,std,count,mean,std,count,mean,std,count,mean,std,count,mean,std,count,mean,std,count,mean,std,count,mean,std,count,mean,std,count,mean,std,count,mean,std,count,mean,std,count
dataset,method,,,,,,,,,,,,,,,,,,,,,,,,,,,,,,,,,,,,,,,,,,,,,,,,,,,,,,,,,,,,,,,,,,,,,,,,,,,
covtype,ARF,0.0,,1,0.4387236129876165,,1,0.18431810697661696,,1,0.0,,1,-0.0038122807874210185,,1,-0.006730228402025438,,1,0.15764632630275735,,1,0.0,,1,386.6715488433838,,1,,,0,,,0,,,0,,,0,,,0,,,0,,,0,,,0,,,0,,,0,,,0,,,0,,,0,,,0,,,0,,,0
covtype,HAT,0.0,,1,0.43774257119007254,,1,0.20127976121891403,,1,0.0,,1,0.029196836207213916,,1,0.031893500717657945,,1,0.19025802818537677,,1,0.0,,1,167.4263129234314,,1,,,0,,,0,,,0,,,0,,,0,,,0,,,0,,,0,,,0,,,0,,,0,,,0,,,0,,,0,,,0,,,0
covtype,OOB,0.0,,1,0.612238926705851,,1,0.4894950105866174,,1,0.0,,1,0.3787698660904496,,1,0.3827625403587716,,1,0.48936175813567523,,1,0.0,,1,754.5773808956146,,1,,,0,,,0,,,0,,,0,,,0,,,0,,,0,,,0,,,0,,,0,,,0,,,0,,,0,,,0,,,0,,,0
covtype,PHASE,0.0,,1,0.4107725273874169,,1,0.21853147456804337,,1,0.0,,1,0.03377305917741957,,1,0.0342100121428358,,1,0.1938681601992044,,1,0.0,,1,492.5190041065216,,1,182.0,,1,0.1813186813186813,,1,0.9377289377289377,,1,1250.0,,1,0.0,,1,,,0,,,0,,,0,,,0,0.9493651149907804,,1,0.9507871589992393,,1,,,0,,,0,,,0,,,0,,,0
covtype,PHASE-alwaysmeta,0.0,,1,0.41775169315766375,,1,0.21619225276452414,,1,0.0,,1,0.042518159199903205,,1,0.044000991523105465,,1,0.18913474273196593,,1,0.0,,1,496.1219279766083,,1,182.0,,1,0.1813186813186813,,1,0.9377289377289377,,1,1250.0,,1,1.0,,1,0.5363501999646341,,1,0.3265985585219899,,1,0.09924919312859809,,1,0.03780204838477806,,1,,,0,,,0,,,0,,,0,,,0,,,0,,,0
covtype,PHASE-nocost,0.0,,1,0.4175193411529823,,1,0.21363778887574958,,1,0.0,,1,0.030058232958399156,,1,0.031724414862767406,,1,0.1879261870088824,,1,0.0,,1,1056.9108469486237,,1,182.0,,1,0.6978021978021978,,1,0.0,,1,1250.0,,1,1.0,,1,0.4975033945641856,,1,0.2689348924518001,,1,0.08939586527928266,,1,0.14416584770473165,,1,0.9555683716731344,,1,0.950600405724971,,1,,,0,,,0,,,0,,,0,,,0
covtype,PHASE-nometa,0.0,,1,0.4107725273874169,,1,0.21853147456804337,,1,0.0,,1,0.03377305917741957,,1,0.0342100121428358,,1,0.1938681601992044,,1,0.0,,1,195.61235284805298,,1,182.0,,1,0.1813186813186813,,1,0.9377289377289377,,1,1250.0,,1,0.0,,1,,,0,,,0,,,0,,,0,,,0,,,0,,,0,,,0,,,0,,,0,,,0
covtype,PHASE-norefine,0.0,,1,0.4107725273874169,,1,0.21853147456804337,,1,0.0,,1,0.03377305917741957,,1,0.0342100121428358,,1,0.1938681601992044,,1,0.0,,1,448.16319394111633,,1,182.0,,1,0.0,,1,0.9377289377289377,,1,1250.0,,1,0.0,,1,,,0,,,0,,,0,,,0,0.9480697782032156,,1,0.9507871589992393,,1,,,0,,,0,,,0,,,0,,,0
covtype,PHASE-noseg,0.0,,1,0.5786769704740842,,1,0.7216901237241681,,1,0.6894817772034829,,1,0.381296826810294,,1,0.3937554860734674,,1,0.496534245088107,,1,0.6962025316455697,,1,1019.1285371780396,,1,1.0,,1,1.0,,1,1.0,,1,464809.0,,1,1.0,,1,0.388639426992981,,1,0.26103385064989887,,1,0.04783275970212369,,1,0.30249396265499656,,1,0.833719979704096,,1,0.7536959859889867,,1,,,0,,,0,,,0,,,0,,,0
covtype,PHASE-periodic,0.0,,1,0.4468215106322556,,1,0.24154902110119322,,1,0.0,,1,0.0760079957666171,,1,0.0801965064345894,,1,0.2143125468557465,,1,0.0,,1,663.1409132480621,,1,92.0,,1,0.17391304347826086,,1,0.9782608695652174,,1,9809.0,,1,1.0,,1,0.5442480365262652,,1,0.31619328054697404,,1,0.09892158940054924,,1,0.040637093526211414,,1,0.931359284233041,,1,0.925400819463476,,1,,,0,,,0,,,0,,,0,,,0
covtype,PHASE-pooled,0.0,,1,0.4385687116511622,,1,0.23587110378715667,,1,0.0,,1,0.05901307424236946,,1,0.061118525876088146,,1,0.21449156669166877,,1,0.0,,1,499.9677608013153,,1,193.0,,1,0.20725388601036268,,1,0.9412780656303972,,1,1387.0,,1,0.0,,1,,,0,,,0,,,0,,,0,0.9480939416202098,,1,0.9492326133749951,,1,,,0,,,0,,,0,,,0,,,0
covtype,SRP,0.0,,1,0.4782148481536621,,1,0.2274409332664129,,1,0.0,,1,0.10515349736460378,,1,0.11821541014939807,,1,0.21061034414622368,,1,0.0,,1,2838.760936975479,,1,,,0,,,0,,,0,,,0,,,0,,,0,,,0,,,0,,,0,,,0,,,0,,,0,,,0,,,0,,,0,,,0
covtype,UOB,0.0,,1,0.3303357056186157,,1,0.21028829814849762,,1,0.05741733165827178,,1,0.020054720746429333,,1,0.02645244046027738,,1,0.12929701741879918,,1,0.1308016877637131,,1,270.9443860054016,,1,,,0,,,0,,,0,,,0,,,0,,,0,,,0,,,0,,,0,,,0,,,0,,,0,,,0,,,0,,,0,,,0
elec2,ARF,2.0,1.5811388300841898,5,0.7676045459560852,0.02205110814776892,5,0.7597126776036565,0.022462651384810736,5,0.7512592612827867,0.028771515828402792,5,0.5253533057217423,0.04400672238278531,5,0.5362447652623601,0.041899924599381314,5,0.7602894608070009,0.02320154404362232,5,0.6788945952555637,0.09434431340423759,5,24.391854810714722,0.47910156804849974,5,,,0,,,0,,,0,,,0,,,0,,,0,,,0,,,0,,,0,,,0,,,0,,,0,,,0,,,0,,,0,,,0
elec2,HAT,2.0,1.5811388300841898,5,0.768840339843319,0.0870855451294965,5,0.7566699736649654,0.09966420039499592,5,0.7282812054638779,0.15083473360521804,5,0.5199945242106587,0.19696624218264505,5,0.538504020876388,0.17438350725482277,5,0.7492363011969391,0.11952440429843421,5,0.6320371729029103,0.23758563796093538,5,3.057602787017822,0.19801149164575163,5,,,0,,,0,,,0,,,0,,,0,,,0,,,0,,,0,,,0,,,0,,,0,,,0,,,0,,,0,,,0,,,0
elec2,OOB,2.0,1.5811388300841898,5,0.6736180072823569,0.02127378405949372,5,0.6977150588784349,0.01879161339788622,5,0.6518378147732615,0.03028185652965663,5,0.3751532161184078,0.037451033255828346,5,0.44213467664701156,0.028643516207110382,5,0.6624186096020266,0.025676178633396305,5,0.9444852042064074,0.01062493714660233,5,7.724351310729981,0.6035241127218469,5,,,0,,,0,,,0,,,0,,,0,,,0,,,0,,,0,,,0,,,0,,,0,,,0,,,0,,,0,,,0,,,0
elec2,PHASE,2.0,1.5811388300841898,5,0.7619772702195741,0.01905435351879427,5,0.7692325403912524,0.017961787314114745,5,0.7655429699600946,0.019287388137894306,5,0.5284495182890735,0.03645060546507643,5,0.5384478381674623,0.03446742842961712,5,0.7619414588706152,0.019110725618226614,5,0.8435314257764734,0.007040144267798457,5,43.620795011520386,11.946938776981085,5,22.2,0.44721359549995765,5,0.9549407114624506,0.03215336671939404,5,0.7744400527009223,0.04822161385699496,5,1078.8,8.497058314499213,5,0.2,0.447213595499958,5,0.4536138046987763,,1,0.18109065694997573,,1,0.07896616890232303,,1,0.28632936944892495,,1,0.8524746704791888,0.006930079658972862,5,0.8555443708897424,0.0037427690776332366,5,,,0,,,0,,,0,,,0,,,0
elec2,PHASE-alwaysmeta,2.0,1.5811388300841898,5,0.7210857332009268,0.008698024634191734,5,0.7308561821545403,0.007551340267026769,5,0.7237988822124688,0.009425485209103353,5,0.45052016496475195,0.015725687410640784,5,0.4653289434642929,0.013538609150268919,5,0.7207813936457776,0.008982542955129492,5,0.8309122034727316,0.013445829386723774,5,34.93192119598389,0.40061303240560475,5,22.2,0.44721359549995765,5,0.9549407114624506,0.03215336671939404,5,0.7744400527009223,0.04822161385699496,5,1078.8,8.497058314499213,5,1.0,0.0,5,0.4499408736136689,0.013320000451047833,5,0.17906145793627065,0.00380058033305163,5,0.07879997433869146,0.0007171270619956647,5,0.292197694111369,0.015286668773305475,5,,,0,,,0,,,0,,,0,,,0,,,0,,,0
elec2,PHASE-nocost,2.0,1.5811388300841898,5,0.769811320754717,0.007851669380399079,5,0.7694989292818623,0.007594178538292319,5,0.7694538107855181,0.007580162964926482,5,0.5369617650992679,0.015458344322088155,5,0.5374316372772869,0.015343092837108049,5,0.7683787874145264,0.007761702851252478,5,0.7662998288089998,0.009919857609510729,5,56.5145525932312,4.12926196841163,5,22.2,0.44721359549995765,5,0.9549407114624506,0.03215336671939404,5,0.0,0.0,5,1078.8,8.497058314499213,5,1.0,0.0,5,0.4509105695900959,0.013245890296305794,5,0.17930932712083114,0.005166154948347554,5,0.07921640819180366,0.0012273432480598492,5,0.2905636950972693,0.015727760922926326,5,0.843730726793717,0.003968868415734176,5,0.8316056782614035,0.004557319117044416,5,,,0,,,0,,,0,,,0,,,0
elec2,PHASE-nometa,2.0,1.5811388300841898,5,0.7703850822023612,0.0005786212336809614,5,0.7771969634616513,0.0006366391557103594,5,0.7740581347797069,0.0005837786911357638,5,0.5445671724751119,0.0011813994940136517,5,0.5537699098326652,0.0013561912494656529,5,0.7703757779558403,0.0005794186980981516,5,0.8469552457813647,0.0022771541886984293,5,11.623207569122314,0.16803254937232437,5,22.2,0.44721359549995765,5,0.9549407114624506,0.03215336671939404,5,0.7744400527009223,0.04822161385699496,5,1078.8,8.497058314499213,5,0.0,0.0,5,,,0,,,0,,,0,,,0,,,0,,,0,,,0,,,0,,,0,,,0,,,0
elec2,PHASE-norefine,2.0,1.5811388300841898,5,0.7315458457464417,0.011171763362854957,5,0.7400115228682915,0.011019975155396749,5,0.7348759810594042,0.011329080501485834,5,0.46965252424089543,0.02178450857988984,5,0.4816438684416647,0.021793371534145282,5,0.7314735605364816,0.011214124059208668,5,0.8267057960381511,0.01263163370911344,5,38.27584948539734,10.295206393832038,5,22.2,0.44721359549995765,5,0.0,0.0,5,0.7744400527009223,0.04822161385699496,5,1078.8,8.497058314499213,5,0.6,0.5477225575051661,5,0.5374505387197532,0.011037685940165324,3,0.31409259912332327,0.007455447636877018,3,0.14845686215692352,0.004633515403684756,3,0.0,0.0,3,0.8464780197548464,0.006139589702592136,5,0.844543957278374,0.00886839619313963,5,,,0,,,0,,,0,,,0,,,0
elec2,PHASE-noseg,2.0,1.5811388300841898,5,0.6944058258854684,0.005541487908598192,5,0.7146388808008541,0.0048317921061993814,5,0.683882058973909,0.007259781625731447,5,0.4102734824421358,0.009845267819584873,5,0.46040194462954565,0.007649915712561007,5,0.6884926997702219,0.006307058399644916,5,0.92183908045977,0.005331713402630548,5,63.11028370857239,5.181961315394584,5,1.0,0.0,5,1.0,0.0,5,0.6666666666666666,0.0,5,36249.0,0.0,5,1.0,0.0,5,0.39325931139153375,0.008709034031148801,5,0.21314202327246473,0.0008117598491831039,5,0.06846536619071088,0.0004694427555921396,5,0.32513329914529066,0.008633256486221999,5,0.7850787892055922,0.0008435789318633706,5,0.7769468899230951,0.0011927377157745476,5,,,0,,,0,,,0,,,0,,,0
elec2,PHASE-periodic,2.0,1.5811388300841898,5,0.6359262937217257,0.016320364118091082,5,0.6611790850205368,0.018448401623451623,5,0.6079619968067432,0.013846236549913054,5,0.3047218612171796,0.03392047764610851,5,0.3691011958246333,0.05023198414873937,5,0.6214492014226674,0.014683558852067404,5,0.9197847884568354,0.046593703182392116,5,67.96599922180175,4.870147399844494,5,7.0,0.0,5,1.0,0.0,5,0.8761904761904763,0.08650429583135694,5,6249.0,0.0,5,1.0,0.0,5,0.4155474213087249,0.002718607008341528,5,0.18358338589682824,0.0011338686682284317,5,0.08340467289109155,0.0014793434613249454,5,0.31746451990335534,0.003959913826485078,5,0.7808038358073194,0.0066693259998937245,5,0.7764906169160006,0.0019139035090298003,5,,,0,,,0,,,0,,,0,,,0
elec2,PHASE-pooled,2.0,1.5811388300841898,5,0.714575747544963,0.021754843298400314,5,0.7264744094087494,0.019018922608792517,5,0.715471987158494,0.02323549372091169,5,0.4402398172038094,0.03969723345528019,5,0.46074007289903085,0.03416249520904389,5,0.7135246670317686,0.022325848708700167,5,0.8483247737833212,0.020486360784799724,5,63.78324189186096,3.868496183952734,5,20.8,0.8366600265340753,5,1.0,0.0,5,0.808946608946609,0.06834832353102734,5,1764.2,199.27669206407458,5,1.0,0.0,5,0.4352689813019362,0.009825163032977726,5,0.1739566189884378,0.0013955196927979757,5,0.07722096300145169,0.0013595688143313298,5,0.31355343670817426,0.008513591114724182,5,0.7973525578801329,0.00843962711455838,5,0.7855612065227924,0.00458411652758139,5,,,0,,,0,,,0,,,0,,,0
elec2,SRP,2.0,1.5811388300841898,5,0.7641619772702196,0.012596412822583988,5,0.7552274615970767,0.016227503971820805,5,0.7488318653266843,0.020899625685916683,5,0.5171839677310057,0.029208939156347723,5,0.5232270789667137,0.02412950591909538,5,0.7571341331175108,0.015902273139916746,5,0.6637319638053313,0.05345073621797666,5,68.6330304145813,11.276875081841977,5,,,0,,,0,,,0,,,0,,,0,,,0,,,0,,,0,,,0,,,0,,,0,,,0,,,0,,,0,,,0,,,0
elec2,UOB,2.0,1.5811388300841898,5,0.6158667108021627,0.02698787237420286,5,0.6462023505353296,0.023608844850871273,5,0.5647840369502436,0.04415482377629742,5,0.2740224760595373,0.04635697228654797,5,0.36145009884454227,0.03446288407046798,5,0.5897851139595021,0.03571912470237034,5,0.9568598679383712,0.01198786106769023,5,4.1774074077606205,0.23352240026499782,5,,,0,,,0,,,0,,,0,,,0,,,0,,,0,,,0,,,0,,,0,,,0,,,0,,,0,,,0,,,0,,,0
sea,ARF,2.0,1.5811388300841898,5,0.88742,0.002697591518373357,5,0.8857533088834627,0.0028255163336358574,5,0.885483506741927,0.002829675761377808,5,0.7730408994706657,0.0056344234214352465,5,0.7733152631590973,0.005680401299543,5,0.8865005616706527,0.002814601355282853,5,0.8640835154058604,0.004262845525642666,5,18.368568468093873,1.2834851255933954,5,,,0,,,0,,,0,,,0,,,0,,,0,,,0,,,0,,,0,,,0,,,0,,,0,,,0,,,0,,,0,,,0
sea,HAT,2.0,1.5811388300841898,5,0.8655200000000001,0.02050614542033682,5,0.8626770753331527,0.022222772629947016,5,0.8617015031920463,0.023200025334595135,5,0.7282078749314719,0.042551326169000064,5,0.7295243282732844,0.04118550062696574,5,0.8639593021080179,0.021451313006459492,5,0.8260385554068245,0.041392177653962574,5,1.61122670173645,0.07554101497043049,5,,,0,,,0,,,0,,,0,,,0,,,0,,,0,,,0,,,0,,,0,,,0,,,0,,,0,,,0,,,0,,,0
sea,OOB,2.0,1.5811388300841898,5,0.85756,0.007342206752741343,5,0.8519138746565916,0.008339114800726426,5,0.8486496058000318,0.009553223001365116,5,0.7106191746394482,0.015511393911645296,5,0.7165007216320755,0.01327900011583734,5,0.8547116337852861,0.008040044714110685,5,0.7783551038112823,0.020653956886859996,5,4.329987668991089,0.1989691672937072,5,,,0,,,0,,,0,,,0,,,0,,,0,,,0,,,0,,,0,,,0,,,0,,,0,,,0,,,0,,,0,,,0
sea,PHASE,2.0,1.5811388300841898,5,0.89556,0.0036548597784319876,5,0.8941715221484975,0.003576706187473542,5,0.893984588262169,0.0035770153630195088,5,0.7895535977700574,0.0072307548398029674,5,0.7897250936429602,0.007229109397931404,5,0.8947654465652756,0.0036160547252150005,5,0.8759513212752686,0.0038816461888137215,5,158.2662129878998,4.667952294982068,5,4.2,0.44721359549995787,5,1.0,0.0,5,0.35,0.03726779962499649,5,9990.8,19.12328423676212,5,1.0,0.0,5,0.16578803310918916,0.015797721476439222,5,0.4815387273111729,0.018358136547309514,5,0.04271801047890213,0.0025221944200093846,5,0.3099552291007358,0.01631173928655271,5,0.894162124191956,0.003171935674778804,5,0.8890761122453436,0.0034558795532718058,5,3.0,0.0,5,3.0,0.0,5,0.2,0.447213595499958,5,454.2,102.49027054094238,5,82.73333333333332,97.41075687805507,5
sea,PHASE-alwaysmeta,2.0,1.5811388300841898,5,0.89556,0.0036548597784319876,5,0.8941715221484975,0.003576706187473542,5,0.893984588262169,0.0035770153630195088,5,0.7895535977700574,0.0072307548398029674,5,0.7897250936429602,0.007229109397931404,5,0.8947654465652756,0.0036160547252150005,5,0.8759513212752686,0.0038816461888137215,5,51.05216073989868,2.1684350456240815,5,4.2,0.44721359549995787,5,1.0,0.0,5,0.35,0.03726779962499649,5,9990.8,19.12328423676212,5,1.0,0.0,5,0.16578803310918916,0.015797721476439222,5,0.4815387273111729,0.018358136547309514,5,0.04271801047890213,0.0025221944200093846,5,0.3099552291007358,0.01631173928655271,5,,,0,,,0,3.0,0.0,5,3.0,0.0,5,0.2,0.447213595499958,5,454.2,102.49027054094238,5,82.73333333333332,97.41075687805507,5
sea,PHASE-nocost,2.0,1.5811388300841898,5,0.8958,0.0037523326078587353,5,0.8943707232654263,0.0036932751260475676,5,0.8941701373405808,0.003693737229659224,5,0.7900185809550797,0.0074716510179863695,5,0.7902162337332406,0.007478102762389349,5,0.8949962635495972,0.0037361543436232702,5,0.87556240655669,0.004396232317975432,5,133.79228181838988,17.375827471567824,5,4.2,0.44721359549995787,5,1.0,0.0,5,0.0,0.0,5,9990.8,19.12328423676212,5,1.0,0.0,5,0.16505258546528417,0.015167793118803091,5,0.4778923992840613,0.020915070907964357,5,0.043254192962334695,0.0026128610940405507,5,0.3138008222883198,0.017248259650740057,5,0.8945681366342436,0.0033111040972653785,5,0.8881734744391189,0.0040902394300157885,5,3.0,0.0,5,3.0,0.0,5,0.2,0.447213595499958,5,454.2,102.49027054094238,5,82.73333333333332,97.41075687805507,5
sea,PHASE-nometa,2.0,1.5811388300841898,5,0.8907999999999999,0.002467792535850615,5,0.8894662585847712,0.0023842867165006125,5,0.8892897644579012,0.0023754019692017983,5,0.7799971097791523,0.004882321525072292,5,0.7801425410192597,0.004900176928633076,5,0.8899883982464226,0.00244033451370696,5,0.871879238815311,0.0030325650486448925,5,23.314332962036133,2.073058516339761,5,4.2,0.44721359549995787,5,1.0,0.0,5,0.35,0.03726779962499649,5,9990.8,19.12328423676212,5,0.0,0.0,5,,,0,,,0,,,0,,,0,,,0,,,0,3.0,0.0,5,3.0,0.0,5,0.2,0.447213595499958,5,454.2,102.49027054094238,5,82.73333333333332,97.41075687805507,5
sea,PHASE-norefine,2.0,1.5811388300841898,5,0.8957,0.0038236108588610147,5,0.8943724223092955,0.0036881975354000076,5,0.8942002185392104,0.003671989105467987,5,0.7898615672847545,0.007558367545446843,5,0.790013099692032,0.0075852293126203235,5,0.894920837158035,0.0037780292898512606,5,0.876946771466584,0.003486502519914872,5,85.83921604156494,5.483793319902633,5,4.2,0.44721359549995787,5,0.0,0.0,5,0.35,0.03726779962499649,5,9990.8,19.12328423676212,5,1.0,0.0,5,0.32006476524587535,0.017692390543325297,5,0.5683936392752194,0.015082666629060276,5,0.11154159547890519,0.0035646395007682837,5,0.0,0.0,5,0.8935995530802184,0.0029132570923154164,5,0.8852594563784464,0.0038950097793975244,5,3.0,0.0,5,3.0,0.0,5,0.2,0.447213595499958,5,454.2,102.49027054094238,5,82.73333333333332,97.41075687805507,5
sea,PHASE-noseg,2.0,1.5811388300841898,5,0.85376,0.0023901882771028785,5,0.8477111422368022,0.002006842862330991,5,0.8440126554594727,0.002055620903370414,5,0.7027001553492538,0.004428451767623555,5,0.7094045542788705,0.004351978222003978,5,0.8506587895887288,0.0022436365315596915,5,0.7686470586623328,0.003493723231158404,5,67.74247040748597,5.469268342555407,5,1.0,0.0,5,1.0,0.0,5,1.0,0.0,5,40000.0,0.0,5,0.0,0.0,5,,,0,,,0,,,0,,,0,0.8307764714750485,0.0020537662908444525,5,0.8330827121335949,0.0022064121595023,5,0.0,0.0,5,3.0,0.0,5,0.0,0.0,5,,,0,,,0
sea,PHASE-periodic,2.0,1.5811388300841898,5,0.89312,0.0037545971821221456,5,0.8916569921616437,0.0038482387033432815,5,0.891449868453855,0.0038701447131226177,5,0.7846068465450553,0.0076142088567450125,5,0.7848001356056449,0.007598617299371085,5,0.8922902154812521,0.0038087109739384094,5,0.8725109541428535,0.005068924697636871,5,132.27883801460266,29.336977608829297,5,8.0,0.0,5,1.0,0.0,5,0.325,0.034860834438919804,5,5000.0,0.0,5,0.8,0.4472135954999579,5,0.16069824907292685,0.00987192474954131,4,0.4869522961648151,0.01759655206287013,4,0.04666624154730363,0.0030405486858024805,4,0.3056832132149544,0.017404749923933847,4,0.892129793352554,0.003349042381201608,5,0.8872413103368713,0.004643179372657121,5,3.0,0.0,5,3.0,0.0,5,4.0,0.0,5,0.0,0.0,5,0.0,0.0,5
sea,PHASE-pooled,2.0,1.5811388300841898,5,0.8949400000000001,0.003911904906819732,5,0.893605291985127,0.003804711693797602,5,0.8934313344961907,0.0037961226126066866,5,0.7883290521288218,0.0077422633107790415,5,0.7884802962614562,0.007756011427462078,5,0.8941544759641251,0.003870751836183344,5,0.8760814689629781,0.0038684619137550297,5,157.71731510162354,5.115274894875303,5,4.0,0.0,5,1.0,0.0,5,0.3,0.04564354645876382,5,9996.2,9.497368056467236,5,1.0,0.0,5,0.16669466595153565,0.014267048348663115,5,0.4793663122754451,0.01745198579309794,5,0.044518458297872834,0.00343084431893766,5,0.30942056347514646,0.015358512599153575,5,0.8937553269276293,0.0028437987252555082,5,0.8895210363927246,0.0035264764595956616,5,3.0,0.0,5,3.0,0.0,5,0.0,0.0,5,780.6,179.77739321480638,5,271.33333333333337,260.00213674335663,5
sea,SRP,2.0,1.5811388300841898,5,0.81394,0.005998999916652764,5,0.8074077555130564,0.00501046626799937,5,0.8025943711193684,0.0037415902582807413,5,0.6215721276041761,0.011530792331733836,5,0.6287950225954406,0.014392193451736352,5,0.8097355089846843,0.005396834715892309,5,0.7209701937446513,0.015075095577828128,5,48.92940802574158,2.7362323096632046,5,,,0,,,0,,,0,,,0,,,0,,,0,,,0,,,0,,,0,,,0,,,0,,,0,,,0,,,0,,,0,,,0
sea,UOB,2.0,1.5811388300841898,5,0.8726800000000001,0.0055404873431856,5,0.8690936678998588,0.005633833000938371,5,0.8677953564572682,0.005939427108402425,5,0.7423866817740074,0.011043324259132717,5,0.7445353544601987,0.010410389124669163,5,0.8710069974140902,0.005587382148104484,5,0.8218909472867167,0.011055809786008923,5,3.1728132247924803,0.25072057373703593,5,,,0,,,0,,,0,,,0,,,0,,,0,,,0,,,0,,,0,,,0,,,0,,,0,,,0,,,0,,,0,,,0
sea10,ARF,2.0,1.5811388300841898,5,0.90564,0.0017629520696831283,5,0.6758085246176211,0.006000483206692994,5,0.6113891409435224,0.009526626509231488,5,0.4029724671844804,0.010517560233303951,5,0.4099300419748132,0.009863697186417435,5,0.7006873555624609,0.005364505429141551,5,0.38798040643685117,0.012267905046749081,5,19.385589027404784,1.1992474552240748,5,,,0,,,0,,,0,,,0,,,0,,,0,,,0,,,0,,,0,,,0,,,0,,,0,,,0,,,0,,,0,,,0
sea10,HAT,2.0,1.5811388300841898,5,0.9027200000000001,0.007444259533358624,5,0.6563282132190913,0.08278270526389249,5,0.5497708447550502,0.19891509450084655,5,0.3476706489342448,0.17469555647301854,5,0.35474757776668964,0.16914637005783145,5,0.670495519194946,0.09361344123019286,5,0.3477727073515983,0.1772441967867927,5,1.761668062210083,0.17886687752409228,5,,,0,,,0,,,0,,,0,,,0,,,0,,,0,,,0,,,0,,,0,,,0,,,0,,,0,,,0,,,0,,,0
sea10,OOB,2.0,1.5811388300841898,5,0.9095000000000001,0.0027129319932500742,5,0.8149654758603979,0.009704079369470655,5,0.8062680028508303,0.011122561485933859,5,0.5576688640224366,0.015565224610070465,5,0.5635201785240079,0.015976236780104545,5,0.7783670054569266,0.007775866165610545,5,0.6965858908178056,0.018573529863654945,5,4.621404552459717,0.314370565137434,5,,,0,,,0,,,0,,,0,,,0,,,0,,,0,,,0,,,0,,,0,,,0,,,0,,,0,,,0,,,0,,,0
sea10,PHASE,2.0,1.5811388300841898,5,0.9088799999999999,0.0019227584351654923,5,0.8877895236544573,0.00630829115658574,5,0.8873606429763086,0.006584507477047561,5,0.6066146708413928,0.006134545971846124,5,0.6305686345614829,0.006720037304351177,5,0.801593363126074,0.003095820721354741,5,0.8613842632566954,0.014924388904515067,5,109.82151851654052,20.52350619025087,5,3.8,0.4472135954999579,5,1.0,0.0,5,0.95,0.04564354645876384,5,9973.0,47.81736086402082,5,0.8,0.4472135954999579,5,0.15027623555202993,0.006606377465806527,4,0.3376684123763196,0.006279739962975984,4,0.07034820426696983,0.003938975414851487,4,0.4417071478046806,0.008916743986718455,4,0.8814140207429471,0.010521340058541646,5,0.8775135522913684,0.0055388986809637025,5,2.6,0.5477225575051661,5,3.0,0.0,5,0.2,0.4472135954999579,5,1361.9,514.1087433607797,5,57.033333333333324,45.26379470516265,5
sea10,PHASE-alwaysmeta,2.0,1.5811388300841898,5,0.91014,0.002640643860879373,5,0.8877992718719261,0.006318478259056888,5,0.8873316887017492,0.006554497726295013,5,0.6099475788153426,0.01081074813621441,5,0.6330409869905627,0.010260969555224653,5,0.8033480149778711,0.0055270934876243,5,0.8598217632566953,0.01348176337760303,5,43.23745398521423,3.862512460795581,5,3.8,0.4472135954999579,5,1.0,0.0,5,0.95,0.04564354645876384,5,9973.0,47.81736086402082,5,1.0,0.0,5,0.15179656941874625,0.006655091490502622,5,0.3338258518306899,0.010168712221127153,5,0.07038332278450346,0.003412156508789147,5,0.44399425596606046,0.009262049514160486,5,,,0,,,0,2.6,0.5477225575051661,5,3.0,0.0,5,0.2,0.4472135954999579,5,1361.9,514.1087433607797,5,57.033333333333324,45.26379470516265,5
sea10,PHASE-nocost,2.0,1.5811388300841898,5,0.90898,0.003656090808500241,5,0.7730250123727602,0.018352159623044057,5,0.7536757534005104,0.023621488179872873,5,0.5204854431611116,0.02150149433936548,5,0.5216774293776909,0.02219401494440208,5,0.7601411338439492,0.010702580272748294,5,0.6027162438527931,0.03936486852471829,5,109.46570000648498,8.926988020440062,5,3.8,0.4472135954999579,5,1.0,0.0,5,0.0,0.0,5,9973.0,47.81736086402082,5,1.0,0.0,5,0.17739817549098397,0.009615263317625043,5,0.3121958279187359,0.00924618069287122,5,0.0838674834520365,0.001849933033397714,5,0.42653851313824365,0.00446945909694448,5,0.7605220837636483,0.017371342846220904,5,0.6446553916426463,0.02566998643788053,5,2.6,0.5477225575051661,5,3.0,0.0,5,0.2,0.4472135954999579,5,1361.9,514.1087433607797,5,57.033333333333324,45.26379470516265,5
sea10,PHASE-nometa,2.0,1.5811388300841898,5,0.90678,0.003011976095522682,5,0.8844895630490157,0.005237591115316455,5,0.8840233634494148,0.0054355105390473885,5,0.5991678423510389,0.008516655495449802,5,0.6235179937995634,0.007975043248848075,5,0.7977791209717195,0.0043959376965802465,5,0.8565868771528518,0.012253725988495362,5,23.523383951187135,2.6422213873802787,5,3.8,0.4472135954999579,5,1.0,0.0,5,0.95,0.04564354645876384,5,9973.0,47.81736086402082,5,0.0,0.0,5,,,0,,,0,,,0,,,0,,,0,,,0,2.6,0.5477225575051661,5,3.0,0.0,5,0.2,0.4472135954999579,5,1361.9,514.1087433607797,5,57.033333333333324,45.26379470516265,5
sea10,PHASE-norefine,2.0,1.5811388300841898,5,0.9071,0.0021435951110226194,5,0.8855760654710446,0.009302814561686206,5,0.8851061775908651,0.00972057449383945,5,0.6005668758817104,0.010844094830450611,5,0.6250678146456419,0.011706088880927371,5,0.7984817296525115,0.005450043600004812,5,0.8586227941926043,0.02029659621474079,5,58.863121509552,4.094053191640375,5,3.8,0.4472135954999579,5,0.0,0.0,5,0.95,0.04564354645876384,5,9973.0,47.81736086402082,5,1.0,0.0,5,0.28440803267417464,0.01737706007214468,5,0.5680006435312659,0.016813604315392437,5,0.14759132379455941,0.006072076831676022,5,0.0,0.0,5,0.8804910326498883,0.01162750648378615,5,0.8653263401088538,0.0042197829877718895,5,2.6,0.5477225575051661,5,3.0,0.0,5,0.2,0.4472135954999579,5,1361.9,514.1087433607797,5,57.033333333333324,45.26379470516265,5
sea10,PHASE-noseg,2.0,1.5811388300841898,5,0.9109999999999999,0.002573907535246758,5,0.8411449051557431,0.0037666521473514658,5,0.8365790163443141,0.003989367523979279,5,0.5814311876984917,0.009780787605091584,5,0.5916739428940283,0.00905663309552749,5,0.7899470841229507,0.004979526750069195,5,0.7536587583639636,0.005916796303055002,5,53.35465068817139,3.258019611129793,5,1.0,0.0,5,1.0,0.0,5,1.0,0.0,5,40000.0,0.0,5,0.0,0.0,5,,,0,,,0,,,0,,,0,0.8178721049664517,0.004229991790210432,5,0.8349677545549044,0.0026197492933892944,5,0.0,0.0,5,3.0,0.0,5,0.0,0.0,5,,,0,,,0
sea10,PHASE-periodic,2.0,1.5811388300841898,5,0.90456,0.003952594084901679,5,0.8826210428453404,0.002609774452778317,5,0.8821746431774011,0.002726154962165569,5,0.5923919847975248,0.011301841122445316,5,0.6176769688395447,0.008315679666847172,5,0.7942538188952935,0.005981641941806925,5,0.855135324428381,0.008193244924255282,5,77.08516058921813,16.17158565236618,5,8.0,0.0,5,1.0,0.0,5,0.975,0.03726779962499651,5,5000.0,0.0,5,0.4,0.5477225575051661,5,0.15162720061210885,0.013952791110164156,2,0.3289156734574671,0.009211820589533137,2,0.07912440363192061,0.005448632510018206,2,0.44033272229850345,0.000707661989387206,2,0.8754375956778571,0.013011366214707956,5,0.8748202117713524,0.012701971318404994,5,3.0,0.0,5,3.0,0.0,5,4.0,0.0,5,0.0,0.0,5,0.0,0.0,5
sea10,PHASE-pooled,2.0,1.5811388300841898,5,0.9105800000000001,0.0026808580715882158,5,0.8426990045818551,0.0058393806600910685,5,0.8383808205566952,0.006376254816590672,5,0.5813763692070342,0.010663712729796024,5,0.5921974994744101,0.01023582753266084,5,0.78987383788203,0.005409567791285717,5,0.7576779943916426,0.011165823371078305,5,67.82331385612488,3.0071183117090783,5,2.0,0.0,5,1.0,0.0,5,1.0,0.0,5,19863.0,264.8480696550385,5,0.0,0.0,5,,,0,,,0,,,0,,,0,0.7966695410084326,0.006834217248819614,5,0.8149407561612902,0.0024694513577138547,5,1.0,0.0,5,3.0,0.0,5,0.0,0.0,5,937.2,660.055830971896,5,213.0,192.07941066131997,5
sea10,SRP,2.0,1.5811388300841898,5,0.89964,0.0017444196742756753,5,0.5105345050120199,0.007994077195346684,5,0.14256117542884894,0.06000287649321293,5,0.03616254154016705,0.026954523806162232,5,0.09136138189923639,0.04319487819542184,5,0.495492538636032,0.01570003290309284,5,0.023272352776633955,0.017189483353560853,5,46.220163345336914,2.7381906005904906,5,,,0,,,0,,,0,,,0,,,0,,,0,,,0,,,0,,,0,,,0,,,0,,,0,,,0,,,0,,,0,,,0
sea10,UOB,2.0,1.5811388300841898,5,0.899,0.003947784188630293,5,0.8453869322939113,0.003799058109688005,5,0.8427104116586189,0.003894265217835553,5,0.5534913318719612,0.013178047836783769,5,0.5715114137841677,0.0114350945117593,5,0.7751589503197117,0.006837415916586758,5,0.778243645270804,0.0057881851469387385,5,1.567126178741455,0.1091731227476685,5,,,0,,,0,,,0,,,0,,,0,,,0,,,0,,,0,,,0,,,0,,,0,,,0,,,0,,,0,,,0,,,0
sea5,ARF,2.0,1.5811388300841898,5,0.94668,0.0032782617345172415,5,0.5354637345528801,0.007972879696326663,5,0.27689880541457534,0.030655830494623792,5,0.1126628007789108,0.020504161366628734,5,0.15171989545847908,0.017724654034913453,5,0.5503037651066228,0.011247925895974455,5,0.07800776277144941,0.018027274522101316,5,19.35527687072754,1.1986745640848235,5,,,0,,,0,,,0,,,0,,,0,,,0,,,0,,,0,,,0,,,0,,,0,,,0,,,0,,,0,,,0,,,0
sea5,HAT,2.0,1.5811388300841898,5,0.9489000000000001,0.003674234614174782,5,0.5046308034142253,0.008375457807109871,5,0.05956527273530658,0.09236271043777765,5,0.015821540870442165,0.028005564066686167,5,0.03678986205960648,0.050595515880930454,5,0.49615846275318154,0.015870584053534618,5,0.010424397526124974,0.019306171244174566,5,1.9056807518005372,0.1722171343283668,5,,,0,,,0,,,0,,,0,,,0,,,0,,,0,,,0,,,0,,,0,,,0,,,0,,,0,,,0,,,0,,,0
sea5,OOB,2.0,1.5811388300841898,5,0.92614,0.002477498738647493,5,0.7643198836331504,0.021267181867164427,5,0.7423820761574801,0.02745965369659946,5,0.4067129410735464,0.024289530418482835,5,0.4208484061022416,0.027116449938329863,5,0.7021435220566421,0.011990476952269931,5,0.5843183187137091,0.04392150080336928,5,5.158365917205811,0.21681149855714382,5,,,0,,,0,,,0,,,0,,,0,,,0,,,0,,,0,,,0,,,0,,,0,,,0,,,0,,,0,,,0,,,0
sea5,PHASE,2.0,1.5811388300841898,5,0.9083600000000001,0.0062364252581106,5,0.8825558171862854,0.008002248043026568,5,0.8820599411080174,0.008176670066967873,5,0.44517381555938956,0.019736317290556787,5,0.5029367177962178,0.0171800656558407,5,0.7175081422498786,0.010544827150170025,5,0.8538642093009056,0.014498528636001519,5,53.47049255371094,4.735840938360245,5,3.4,0.5477225575051661,5,1.0,0.0,5,1.0,0.0,5,10891.0,2069.090983983063,5,0.0,0.0,5,,,0,,,0,,,0,,,0,0.8327612591463224,0.03376381487740064,5,0.8642401939515028,0.02082015182208294,5,2.0,0.0,5,3.0,0.0,5,0.4,0.5477225575051661,5,2832.2,1274.4059694618509,5,333.0,391.8086267554608,5
sea5,PHASE-alwaysmeta,2.0,1.5811388300841898,5,0.91792,0.004510210638096634,5,0.8466229251980378,0.02765110088411657,5,0.8422735025264562,0.03177460619301213,5,0.4471936118242768,0.013814063084704635,5,0.48689629432714143,0.021613615002941934,5,0.7203586069865435,0.006557368355582721,5,0.7672494128969327,0.06008424805141791,5,42.15025701522827,2.214845347966458,5,3.4,0.5477225575051661,5,1.0,0.0,5,1.0,0.0,5,10891.0,2069.090983983063,5,1.0,0.0,5,0.13441923270691908,0.010805767052892719,5,0.379156709080373,0.03352391563872692,5,0.07843926955920164,0.003091243655050936,5,0.40798478865350624,0.029702846452966444,5,,,0,,,0,2.0,0.0,5,3.0,0.0,5,0.4,0.5477225575051661,5,2832.2,1274.4059694618509,5,333.0,391.8086267554608,5
sea5,PHASE-nocost,2.0,1.5811388300841898,5,0.9452,0.002607680962081081,5,0.5375104946576699,0.010310638959380825,5,0.28626294288311444,0.03966931738859788,5,0.11556039771693707,0.029741682925566774,5,0.1457757958055582,0.034380699421131346,5,0.5525718577020304,0.015537678916948168,5,0.08397409771293,0.021540165437302018,5,76.80675759315491,4.594282810096218,5,3.4,0.5477225575051661,5,1.0,0.0,5,0.0,0.0,5,10891.0,2069.090983983063,5,1.0,0.0,5,0.2064094924397221,0.009594031028414022,5,0.44317027650025675,0.014689276758152035,5,0.10971743881482557,0.005925751881177358,5,0.24070279224519556,0.009775357818056841,5,0.5451657672596782,0.008481285317828798,5,0.500732122991838,0.0016370767776405016,5,2.0,0.0,5,3.0,0.0,5,0.4,0.5477225575051661,5,2832.2,1274.4059694618509,5,333.0,391.8086267554608,5
sea5,PHASE-nometa,2.0,1.5811388300841898,5,0.9083600000000001,0.0062364252581106,5,0.8825558171862854,0.008002248043026568,5,0.8820599411080174,0.008176670066967873,5,0.44517381555938956,0.019736317290556787,5,0.5029367177962178,0.0171800656558407,5,0.7175081422498786,0.010544827150170025,5,0.8538642093009056,0.014498528636001519,5,23.04744596481323,1.903677239481991,5,3.4,0.5477225575051661,5,1.0,0.0,5,1.0,0.0,5,10891.0,2069.090983983063,5,0.0,0.0,5,,,0,,,0,,,0,,,0,,,0,,,0,2.0,0.0,5,3.0,0.0,5,0.4,0.5477225575051661,5,2832.2,1274.4059694618509,5,333.0,391.8086267554608,5
sea5,PHASE-norefine,2.0,1.5811388300841898,5,0.9108600000000001,0.0068357881769405115,5,0.8611577516137698,0.014063364866053654,5,0.8592675949482927,0.015020978513500757,5,0.43783603774114316,0.021491187676920098,5,0.4871221972263233,0.01974384714943957,5,0.7145404827824962,0.01145118970572812,5,0.8058417276417973,0.02775296193537223,5,32.29269938468933,8.70612846135046,5,3.4,0.5477225575051661,5,0.0,0.0,5,1.0,0.0,5,10891.0,2069.090983983063,5,0.6,0.5477225575051662,5,0.24965013429224273,0.018604305208224273,3,0.6055773838894322,0.015341550720979407,3,0.1447724818183251,0.003270421694060401,3,0.0,0.0,3,0.8407546232768615,0.035250205230781595,5,0.8415476095218629,0.02338018516165852,5,2.0,0.0,5,3.0,0.0,5,0.4,0.5477225575051661,5,2832.2,1274.4059694618509,5,333.0,391.8086267554608,5
sea5,PHASE-noseg,2.0,1.5811388300841898,5,0.91942,0.002452957398733235,5,0.8353436985833882,0.011771138451537877,5,0.8299945363492945,0.013291641234575696,5,0.44390471724577624,0.009567698950456765,5,0.47909974621517826,0.012056079280088216,5,0.7190776886383226,0.004658221593551109,5,0.7418069614478706,0.02435834537956048,5,37.96497664451599,3.2496614418815044,5,1.0,0.0,5,1.0,0.0,5,1.0,0.0,5,40000.0,0.0,5,0.0,0.0,5,,,0,,,0,,,0,,,0,0.7976877150361604,0.005765517687138512,5,0.8317402637421651,0.0015105044472352573,5,0.0,0.0,5,3.0,0.0,5,0.0,0.0,5,,,0,,,0
sea5,PHASE-periodic,2.0,1.5811388300841898,5,0.90776,0.007950031446478711,5,0.8763700702779555,0.01288890781186422,5,0.875481941561435,0.013863522855815477,5,0.43971164343117747,0.015070025286544558,5,0.49609626503093657,0.012193215649423272,5,0.7147799724006998,0.00840596799643807,5,0.8414766083140602,0.032187819996954324,5,47.62098169326782,11.87167251304601,5,8.0,0.0,5,1.0,0.0,5,1.0,0.0,5,5000.0,0.0,5,0.2,0.447213595499958,5,0.12221746826494531,,1,0.35374875837402564,,1,0.08399833062113654,,1,0.4400354427398925,,1,0.8639400057674564,0.009876022821617552,5,0.8738123328695411,0.011862019253921852,5,3.0,0.0,5,3.0,0.0,5,4.0,0.0,5,0.0,0.0,5,0.0,0.0,5
sea5,PHASE-pooled,2.0,1.5811388300841898,5,0.91876,0.0032654249340629696,5,0.8442538935797455,0.012710225277593303,5,0.8400496649633041,0.014258783296910547,5,0.4484255429503981,0.011303337773609732,5,0.48654744730715915,0.014149628473016913,5,0.7211224884266756,0.005491391782665477,5,0.7614002097714488,0.027684504718096133,5,47.73529505729675,4.786215891407294,5,2.0,0.0,5,1.0,0.0,5,1.0,0.0,5,19540.8,1206.9507860720753,5,0.0,0.0,5,,,0,,,0,,,0,,,0,0.7834998328419233,0.009491460278402702,5,0.8112298765102844,0.00592264556978845,5,1.0,0.0,5,3.0,0.0,5,0.0,0.0,5,1920.8,1286.0399293956623,5,625.6,1109.5457629138152,5
sea5,SRP,2.0,1.5811388300841898,5,0.94946,0.0025422431040323205,5,0.5011165873713137,0.000980170769878545,5,0.04204200498875589,0.026711301716889454,5,0.0042140089371196735,0.0036755763370235517,5,0.03103004061083984,0.021434604801550617,5,0.4893594410521958,0.0018205873926576048,5,0.0023386448590810554,0.0020050234676983626,5,50.62108640670776,1.6320153479579642,5,,,0,,,0,,,0,,,0,,,0,,,0,,,0,,,0,,,0,,,0,,,0,,,0,,,0,,,0,,,0,,,0
sea5,UOB,2.0,1.5811388300841898,5,0.8909800000000001,0.015063764469746591,5,0.8613056181429748,0.011801782367362528,5,0.8605153117604484,0.01218125954722016,5,0.3907245286887976,0.03151740230495042,5,0.4547357377635265,0.025680529263470833,5,0.6878868976917438,0.01788917912820937,5,0.828356852490168,0.026108070880663584,5,1.2240803718566895,0.06627153566726976,5,,,0,,,0,,,0,,,0,,,0,,,0,,,0,,,0,,,0,,,0,,,0,,,0,,,0,,,0,,,0,,,0
